prospect_email,prospect_name,prospect_phone,company_name,prospect_title,industry,engagement_level,objections,outreach_description,insurance_company_name,sender_name,sender_title,outreach_type,subject,email,engagement_advice
dreemer6@yahoo.com,John Doe,2348067365519,Acme Corp,CTO,Tech,High,"Pricing, Competitor",Introducing new AI-driven insurance,SecureIns,Jane Smith,Sales Manager,email,Revolutionize Acme Corp's Risk Management with AI-Driven Insurance,"Hi John,

As the CTO of Acme Corp, you're no stranger to embracing innovation and cutting-edge technology to stay ahead in the tech industry. That's why I wanted to introduce you to SecureIns, a game-changing insurance solution that leverages AI to provide personalized risk management.

Our AI-driven approach ensures that your business is protected from unique threats and vulnerabilities, giving you peace of mind to focus on what matters most - driving growth and innovation.

I understand that you might have concerns about pricing and competitor offerings. I'd be happy to discuss how our solution can provide a tailored approach that meets your specific needs and budget.

Would you be open to a quick call to explore how SecureIns can help Acme Corp stay ahead of the curve?

Best,
Jane Smith
Sales Manager, SecureIns","Follow up with a phone call in 3-4 days to discuss potential pain points and address concerns. If no response, send a second email highlighting a relevant case study or success story in the tech industry."
dreemer6@yahoo.com,Alice Brown,2348067365519,Global Fin,CEO,Finance,Medium,Trust Issues,Explaining regulatory compliance benefits,SecureIns,Jane Smith,Sales Manager,call,Protecting Global Fin's Future: Regulatory Compliance Made Easy,"Dear Alice Brown,

As the CEO of Global Fin, I'm sure you understand the importance of staying ahead of the curve when it comes to regulatory compliance in the finance industry. With the ever-changing landscape of regulations, it can be daunting to ensure your company is fully protected.

At SecureIns, we specialize in providing personalized insurance solutions that not only address your compliance needs but also offer a robust ROI potential. Our expertise in the finance industry has allowed us to develop a unique understanding of the security concerns that keep CEOs like yourself up at night.

I'd love to discuss how our tailored approach can help Global Fin navigate the complex world of regulatory compliance, ensuring your business is secure and profitable for years to come.

Would you be open to a quick call to explore how SecureIns can help you achieve peace of mind?

Best regards,
Jane Smith
Sales Manager, SecureIns","Follow up with a phone call in 3-4 days if no response. If responded, schedule a call to discuss their current compliance challenges and provide a personalized solution. Emphasize the security and ROI benefits of SecureIns' insurance solutions to address trust issues."
dreemer6@yahoo.com,Bob Williams,2348067365519,HealthTech Inc,CFO,Healthcare,Low,Budget Constraints,Highlighting cost-saving insurance,SecureIns,Jane Smith,Sales Manager,email,Compliance-Focused Insurance Solutions for HealthTech Inc,"Hi Bob,

As the CFO of HealthTech Inc, you understand the importance of balancing budget constraints with the need for comprehensive insurance coverage. At SecureIns, we specialize in providing personalized insurance solutions that cater to the unique needs of healthcare organizations like yours.

Our team of experts has extensive experience in helping healthcare companies like HealthTech Inc reduce costs while maintaining compliance with industry regulations. We'd love to explore how our cost-saving insurance solutions can benefit your organization.

Would you be open to a quick call to discuss how SecureIns can help HealthTech Inc optimize its insurance strategy and improve operational efficiency?

Best regards,
Jane Smith
Sales Manager, SecureIns","If Bob doesn't respond, consider sending a follow-up email highlighting a success story of a similar healthcare company that benefited from SecureIns' insurance solutions. Alternatively, a phone call to discuss their current insurance challenges could help re-engage him."
dreemer6@yahoo.com,Susan Clark,2348067365519,BuildIt Ltd,Operations Manager,Construction,High,Past Bad Experience,Demonstrating risk coverage policies,SecureIns,Jane Smith,Sales Manager,call,Protect Your Construction Business from Unforeseen Risks,"Hi Susan,

As an Operations Manager at BuildIt Ltd, you understand the importance of mitigating risks in the construction industry. I'm Jane Smith from SecureIns, and I specialize in helping businesses like yours navigate the complexities of risk management.

I came across BuildIt Ltd and was impressed with your team's commitment to delivering top-notch construction services. However, I also understand that past experiences may have left you skeptical about insurance providers.

Let me assure you that SecureIns is different. Our tailored policies are designed to address the unique challenges faced by construction companies. We've helped numerous businesses in the industry protect their assets, employees, and reputation from unforeseen events.

I'd love to schedule a call to discuss how our risk coverage policies can benefit BuildIt Ltd. Our goal is to provide you with peace of mind, so you can focus on what matters most - growing your business.

Would you be open to a quick discussion?

Best regards,
Jane Smith
Sales Manager, SecureIns",Follow up with a phone call in 3-4 days if no response. Emphasize the importance of risk management in the construction industry and how SecureIns can provide tailored solutions to address BuildIt Ltd's specific needs.
dreemer6@yahoo.com,Michael Lee,2348067365519,AutoDrive,Head of Logistics,Automotive,Medium,Too Expensive,Discussing flexible payment plans,SecureIns,Jane Smith,Sales Manager,email,Streamline Your Logistics with SecureIns,"Hi Michael,

As the Head of Logistics at AutoDrive, you understand the importance of protecting your business from unforeseen risks. At SecureIns, we specialize in providing tailored insurance solutions to the automotive industry, ensuring you can focus on what matters most - keeping your operations running smoothly.

We've worked with numerous companies like yours, and we're confident our flexible payment plans can help alleviate any budget concerns. Our customized policies are designed to address the unique challenges you face, providing comprehensive coverage without breaking the bank.

I'd love to discuss how SecureIns can help you optimize your logistics operations while keeping costs in check. Would you be open to a quick call to explore further?

Best regards,
Jane Smith
Sales Manager, SecureIns",Follow up with a phone call in 3-4 days if no response. Emphasize the benefits of flexible payment plans and industry-specific coverage in the follow-up email.
